Robb Stone;Male;robb.stone@the-stormlands.com;VE;HN
Jon Pyke;Male;jon.pyke@the-westerlands.com;NE;SE
Myrcella Storm;Female;myrcella.storm@dorne.com;DK;MC
Cersei Rivers;Female;cersei.rivers@the-north.com;LC;CC
Bran Rivers;Male;bran.rivers@the-crownlands.com;WF;ZA
Myrcella Rivers;Female;myrcella.rivers@the-westerlands.com;AX;NC
Catelyn Waters;Female;catelyn.waters@the-riverlands.com;ET;VG
Robb Snow;Male;robb.snow@the-iron-islands.com;PW;SA
Sansa Pyke;Female;sansa.pyke@the-vale.com;RS;WS
Cersei Sand;Female;cersei.sand@the-riverlands.com;JE;NP
Jon Hill;Male;jon.hill@the-stormlands.com;PY;MM
Robb Stone;Male;robb.stone@the-reach.com;PY;HR
Jon Snow;Male;jon.snow@the-westerlands.com;BS;NF
Tyrion Hill;Male;tyrion.hill@the-iron-islands.com;UG;ME
Catelyn Snow;Female;catelyn.snow@the-vale.com;BN;PR
Cersei Stone;Female;cersei.stone@the-stormlands.com;AL;SJ
Eddard Stone;Male;eddard.stone@the-iron-islands.com;VA;EC
Tywin Hill;Male;tywin.hill@dorne.com;CM;AW
Jamie Pyke;Male;jamie.pyke@the-iron-islands.com;RW;AO
Robb Storm;Male;robb.storm@the-westerlands.com;FJ;AX
Catelyn Flowers;Female;catelyn.flowers@the-vale.com;TC;CN
Tywin Sand;Male;tywin.sand@the-westerlands.com;HU;AU
Jamie Stone;Male;jamie.stone@the-iron-islands.com;MA;QA
Myrcella Rivers;Female;myrcella.rivers@the-vale.com;SK;BG
Eddard Snow;Male;eddard.snow@the-iron-islands.com;CY;EH
Rickon Flowers;Male;rickon.flowers@the-stormlands.com;CY;CG
Catelyn Sand;Female;catelyn.sand@the-reach.com;CD;BD
Sansa Rivers;Female;sansa.rivers@the-vale.com;LY;AI
Robb Stone;Male;robb.stone@dorne.com;IN;AW
Joffrey Stone;Male;joffrey.stone@dorne.com;AM;CR
Jamie Stone;Male;jamie.stone@the-riverlands.com;MT;MR
Arya Storm;Female;arya.storm@the-riverlands.com;KZ;AM
Joffrey Flowers;Male;joffrey.flowers@the-stormlands.com;AN;DE
Catelyn Pyke;Female;catelyn.pyke@the-westerlands.com;XK;GY
Rickon Snow;Male;rickon.snow@the-riverlands.com;KY;SA
Joffrey Flowers;Male;joffrey.flowers@the-westerlands.com;HU;ML
Jamie Stone;Male;jamie.stone@the-north.com;RU;LU
Catelyn Sand;Female;catelyn.sand@the-crownlands.com;SA;NP
Joffrey Flowers;Male;joffrey.flowers@the-stormlands.com;PE;BR
Catelyn Snow;Female;catelyn.snow@the-north.com;TD;PH
Bran Snow;Male;bran.snow@the-iron-islands.com;AF;GS
Tyrion Waters;Male;tyrion.waters@dorne.com;LK;AD
Rickon Stone;Male;rickon.stone@dorne.com;CG;SK
Cersei Rivers;Female;cersei.rivers@the-iron-islands.com;CN;ME
Tyrion Snow;Male;tyrion.snow@dorne.com;AL;MK
Tommen Stone;Male;tommen.stone@the-riverlands.com;HT;BR
Eddard Flowers;Male;eddard.flowers@the-north.com;GW;VU
Sansa Hill;Female;sansa.hill@the-reach.com;TZ;TK
Robb Waters;Male;robb.waters@the-iron-islands.com;TL;TV
Cersei Storm;Female;cersei.storm@the-iron-islands.com;MW;KP
Tyrion Storm;Male;tyrion.storm@the-reach.com;AM;TJ
Joffrey Rivers;Male;joffrey.rivers@the-vale.com;AE;NA
Sansa Rivers;Female;sansa.rivers@the-iron-islands.com;BM;FJ
Myrcella Pyke;Female;myrcella.pyke@the-westerlands.com;MN;OM
Tywin Hill;Male;tywin.hill@the-iron-islands.com;CC;BV
Myrcella Sand;Female;myrcella.sand@the-iron-islands.com;LI;SO
Arya Rivers;Female;arya.rivers@the-stormlands.com;PF;TC
Bran Snow;Male;bran.snow@the-westerlands.com;BM;NA
Jon Hill;Male;jon.hill@the-stormlands.com;NL;VC
Jamie Storm;Male;jamie.storm@the-riverlands.com;BS;EE
Jamie Waters;Male;jamie.waters@the-riverlands.com;ZA;UY
Tyrion Flowers;Male;tyrion.flowers@the-westerlands.com;AU;ZA
Bran Hill;Male;bran.hill@the-riverlands.com;EC;PY
Tywin Hill;Male;tywin.hill@the-westerlands.com;GA;QA
Tyrion Sand;Male;tyrion.sand@the-stormlands.com;ME;KE
Tommen Storm;Male;tommen.storm@the-iron-islands.com;NL;CH
Cersei Storm;Female;cersei.storm@dorne.com;NE;MG
Bran Hill;Male;bran.hill@dorne.com;GF;AO
Tywin Storm;Male;tywin.storm@the-reach.com;MV;XK
Jon Flowers;Male;jon.flowers@the-crownlands.com;FM;UG
Robb Stone;Male;robb.stone@dorne.com;MO;MK
Tommen Rivers;Male;tommen.rivers@the-iron-islands.com;RU;LY
Bran Snow;Male;bran.snow@the-iron-islands.com;MH;GT
Myrcella Pyke;Female;myrcella.pyke@dorne.com;SY;EE
Robb Waters;Male;robb.waters@the-crownlands.com;BN;TD
Tyrion Sand;Male;tyrion.sand@dorne.com;SL;AL
Catelyn Pyke;Female;catelyn.pyke@the-westerlands.com;MK;MM
Arya Snow;Female;arya.snow@the-iron-islands.com;BG;KM
Myrcella Stone;Female;myrcella.stone@the-iron-islands.com;NG;PW
Tywin Rivers;Male;tywin.rivers@the-north.com;AE;TW
Tyrion Snow;Male;tyrion.snow@the-westerlands.com;KI;MC
Cersei Sand;Female;cersei.sand@the-westerlands.com;LB;SC
Eddard Flowers;Male;eddard.flowers@the-reach.com;SH;KM
Catelyn Flowers;Female;catelyn.flowers@the-riverlands.com;BT;TK
Robb Stone;Male;robb.stone@the-north.com;GQ;RS
Robb Pyke;Male;robb.pyke@the-reach.com;NE;CN
Sansa Hill;Female;sansa.hill@the-vale.com;IL;FK
Tommen Stone;Male;tommen.stone@the-north.com;PR;SO
Robb Stone;Male;robb.stone@the-crownlands.com;ZM;SR
Jamie Sand;Male;jamie.sand@the-north.com;KY;PE
Bran Pyke;Male;bran.pyke@the-crownlands.com;AQ;SG
Tyrion Waters;Male;tyrion.waters@the-riverlands.com;MN;VA
Sansa Waters;Female;sansa.waters@the-reach.com;UM;SM
Tyrion Flowers;Male;tyrion.flowers@the-riverlands.com;PG;BG
Tommen Flowers;Male;tommen.flowers@dorne.com;TK;ID
Sansa Flowers;Female;sansa.flowers@the-vale.com;PY;PH
Bran Waters;Male;bran.waters@the-vale.com;NE;KE
Tyrion Waters;Male;tyrion.waters@the-crownlands.com;XK;NR
Arya Sand;Female;arya.sand@dorne.com;AL;SM
Sansa Flowers;Female;sansa.flowers@the-reach.com;BF;KR
Tywin Waters;Male;tywin.waters@the-stormlands.com;EH;ET
Tyrion Snow;Male;tyrion.snow@the-crownlands.com;IT;CN
Robb Flowers;Male;robb.flowers@the-riverlands.com;TO;GF
Robb Rivers;Male;robb.rivers@the-vale.com;DZ;SK
Arya Flowers;Female;arya.flowers@the-stormlands.com;IT;IE
Catelyn Flowers;Female;catelyn.flowers@the-crownlands.com;YE;SA
Joffrey Waters;Male;joffrey.waters@the-reach.com;CF;PR
Joffrey Sand;Male;joffrey.sand@the-stormlands.com;SR;KH
Robb Stone;Male;robb.stone@the-crownlands.com;NR;NF
Jamie Hill;Male;jamie.hill@the-iron-islands.com;HT;MT
Myrcella Waters;Female;myrcella.waters@dorne.com;NC;EC
Jon Waters;Male;jon.waters@the-crownlands.com;SJ;IL
Eddard Hill;Male;eddard.hill@the-vale.com;MH;VA
Robb Flowers;Male;robb.flowers@the-reach.com;TM;LU
Robb Storm;Male;robb.storm@the-stormlands.com;BT;EH
Myrcella Rivers;Female;myrcella.rivers@the-vale.com;SE;LI
Cersei Hill;Female;cersei.hill@the-north.com;BS;ID
Cersei Hill;Female;cersei.hill@the-riverlands.com;GN;GI
Rickon Waters;Male;rickon.waters@the-north.com;CN;HK
Tywin Snow;Male;tywin.snow@dorne.com;GL;VG
Tyrion Waters;Male;tyrion.waters@the-north.com;MG;SL
Rickon Stone;Male;rickon.stone@the-reach.com;BT;CD
Robb Stone;Male;robb.stone@dorne.com;IL;MN
Robb Rivers;Male;robb.rivers@the-north.com;CN;IL
Bran Hill;Male;bran.hill@the-westerlands.com;AZ;BZ
Catelyn Rivers;Female;catelyn.rivers@the-stormlands.com;SV;PF
Eddard Hill;Male;eddard.hill@the-vale.com;MU;AR
Sansa Stone;Female;sansa.stone@the-riverlands.com;BM;MR
Tyrion Pyke;Male;tyrion.pyke@the-reach.com;MQ;IN
Tyrion Sand;Male;tyrion.sand@the-riverlands.com;FJ;DM
Tywin Rivers;Male;tywin.rivers@the-reach.com;CU;LR
Jon Snow;Male;jon.snow@the-stormlands.com;SJ;GA
Rickon Storm;Male;rickon.storm@the-vale.com;IT;AU
Jon Stone;Male;jon.stone@the-riverlands.com;VC;CK
Robb Rivers;Male;robb.rivers@the-iron-islands.com;CH;BS
Joffrey Stone;Male;joffrey.stone@the-stormlands.com;ZM;BF
Tommen Waters;Male;tommen.waters@the-north.com;PR;KI
Jamie Flowers;Male;jamie.flowers@the-reach.com;SL;ZA
Eddard Rivers;Male;eddard.rivers@the-north.com;KE;BS
Joffrey Stone;Male;joffrey.stone@the-reach.com;CA;KN
Bran Sand;Male;bran.sand@the-riverlands.com;SO;KE
Arya Stone;Female;arya.stone@the-riverlands.com;MZ;GI
Joffrey Pyke;Male;joffrey.pyke@the-riverlands.com;EG;MR
Sansa Storm;Female;sansa.storm@the-westerlands.com;MQ;ID
Tywin Sand;Male;tywin.sand@the-riverlands.com;GG;BS
Robb Stone;Male;robb.stone@the-reach.com;UY;MP
Arya Stone;Female;arya.stone@the-vale.com;ST;BA
Bran Pyke;Male;bran.pyke@dorne.com;PK;TJ
Eddard Storm;Male;eddard.storm@the-reach.com;OM;MU
Catelyn Pyke;Female;catelyn.pyke@the-north.com;TH;CK
Myrcella Pyke;Female;myrcella.pyke@the-stormlands.com;EH;HR
Rickon Stone;Male;rickon.stone@the-north.com;KE;EE
Bran Storm;Male;bran.storm@the-crownlands.com;GQ;AD
Jon Sand;Male;jon.sand@dorne.com;PK;PG
Rickon Waters;Male;rickon.waters@the-riverlands.com;KN;TO
Joffrey Pyke;Male;joffrey.pyke@the-riverlands.com;MU;ZA
Jon Stone;Male;jon.stone@the-stormlands.com;DJ;PT
Jamie Stone;Male;jamie.stone@the-reach.com;KE;NL
Joffrey Pyke;Male;joffrey.pyke@the-reach.com;BW;NL
Jamie Stone;Male;jamie.stone@the-reach.com;AX;ZA
Jamie Sand;Male;jamie.sand@dorne.com;BE;SM
Arya Stone;Female;arya.stone@dorne.com;AX;TW
Arya Snow;Female;arya.snow@the-vale.com;GT;NU
Jon Pyke;Male;jon.pyke@the-north.com;BF;JM
Rickon Storm;Male;rickon.storm@the-vale.com;IT;ES
Jon Storm;Male;jon.storm@the-iron-islands.com;SZ;MO
Tywin Sand;Male;tywin.sand@the-north.com;LY;PK
Tywin Flowers;Male;tywin.flowers@the-vale.com;DE;GB
Rickon Storm;Male;rickon.storm@the-crownlands.com;PW;PR
Tyrion Hill;Male;tyrion.hill@the-reach.com;AS;TV
Arya Snow;Female;arya.snow@the-reach.com;QA;TM
Tyrion Stone;Male;tyrion.stone@the-stormlands.com;IR;LA
Jon Rivers;Male;jon.rivers@the-riverlands.com;UG;MR
Bran Stone;Male;bran.stone@the-north.com;AI;GU
Arya Storm;Female;arya.storm@the-north.com;AX;TK
Arya Rivers;Female;arya.rivers@the-crownlands.com;VA;QA
Myrcella Flowers;Female;myrcella.flowers@the-reach.com;RE;RE
Robb Waters;Male;robb.waters@the-crownlands.com;GG;EG
Arya Pyke;Female;arya.pyke@the-north.com;GH;MT
Bran Pyke;Male;bran.pyke@the-crownlands.com;SL;PA
Rickon Snow;Male;rickon.snow@the-stormlands.com;MH;EH
Catelyn Stone;Female;catelyn.stone@the-reach.com;GW;CM
Jamie Snow;Male;jamie.snow@the-crownlands.com;BW;KM
Eddard Waters;Male;eddard.waters@the-riverlands.com;FO;MK
Joffrey Flowers;Male;joffrey.flowers@dorne.com;SL;UY
Catelyn Stone;Female;catelyn.stone@the-riverlands.com;DO;HR
Myrcella Storm;Female;myrcella.storm@the-vale.com;SI;IL
Jon Snow;Male;jon.snow@the-westerlands.com;TN;KM
Tywin Pyke;Male;tywin.pyke@the-north.com;PT;UZ
Tyrion Pyke;Male;tyrion.pyke@the-riverlands.com;HN;AD
Cersei Pyke;Female;cersei.pyke@the-stormlands.com;KI;SA
Joffrey Hill;Male;joffrey.hill@dorne.com;FR;DO
Myrcella Stone;Female;myrcella.stone@dorne.com;JM;VI
Tyrion Hill;Male;tyrion.hill@the-crownlands.com;MN;SY
Arya Rivers;Female;arya.rivers@the-stormlands.com;PY;MC
Jamie Snow;Male;jamie.snow@the-riverlands.com;PN;KI
Robb Hill;Male;robb.hill@the-stormlands.com;MO;KH
Cersei Waters;Female;cersei.waters@the-westerlands.com;KG;AZ
Robb Hill;Male;robb.hill@the-iron-islands.com;AW;PR
Myrcella Flowers;Female;myrcella.flowers@the-crownlands.com;KH;BY
Tyrion Hill;Male;tyrion.hill@the-north.com;AD;AS
Myrcella Stone;Female;myrcella.stone@the-riverlands.com;PS;SA
Jamie Storm;Male;jamie.storm@the-crownlands.com;LI;CV
Cersei Rivers;Female;cersei.rivers@the-stormlands.com;IM;AQ
Arya Sand;Female;arya.sand@the-stormlands.com;LV;MV
Cersei Pyke;Female;cersei.pyke@the-reach.com;NG;CD
Tywin Storm;Male;tywin.storm@the-westerlands.com;VE;CN
Bran Hill;Male;bran.hill@the-north.com;LU;AE
Tywin Storm;Male;tywin.storm@the-westerlands.com;SO;TT
Rickon Hill;Male;rickon.hill@the-crownlands.com;EC;CV
Catelyn Sand;Female;catelyn.sand@the-riverlands.com;SG;SR
Bran Flowers;Male;bran.flowers@the-westerlands.com;SV;AM
Tyrion Hill;Male;tyrion.hill@the-stormlands.com;GG;AS
Eddard Hill;Male;eddard.hill@the-vale.com;PG;LK
Catelyn Waters;Female;catelyn.waters@the-stormlands.com;ME;TN
Joffrey Stone;Male;joffrey.stone@the-westerlands.com;TH;DJ
Sansa Hill;Female;sansa.hill@the-vale.com;JM;CM
Jon Flowers;Male;jon.flowers@dorne.com;CU;UZ
Cersei Waters;Female;cersei.waters@the-riverlands.com;EE;XK
Tommen Waters;Male;tommen.waters@the-riverlands.com;TN;TF
Catelyn Pyke;Female;catelyn.pyke@the-crownlands.com;NO;NU
Bran Pyke;Male;bran.pyke@the-reach.com;HT;IL
Tywin Pyke;Male;tywin.pyke@the-stormlands.com;KY;BF
Arya Hill;Female;arya.hill@the-vale.com;SV;BZ
Tyrion Pyke;Male;tyrion.pyke@the-crownlands.com;JE;MW
Jon Stone;Male;jon.stone@the-north.com;AT;MH
Sansa Flowers;Female;sansa.flowers@the-vale.com;SR;PG
Tommen Stone;Male;tommen.stone@the-iron-islands.com;AM;LB
Eddard Rivers;Male;eddard.rivers@the-westerlands.com;CZ;AI
Eddard Snow;Male;eddard.snow@the-riverlands.com;AT;CN
Sansa Snow;Female;sansa.snow@the-westerlands.com;UY;NU
Robb Stone;Male;robb.stone@the-westerlands.com;NF;GP
Cersei Flowers;Female;cersei.flowers@the-riverlands.com;GL;KY
Catelyn Waters;Female;catelyn.waters@the-reach.com;MV;KW
Sansa Sand;Female;sansa.sand@the-stormlands.com;VU;RU
Jamie Rivers;Male;jamie.rivers@the-riverlands.com;CH;AG
Cersei Storm;Female;cersei.storm@dorne.com;SC;MX
Jon Sand;Male;jon.sand@the-vale.com;CD;UY
Joffrey Stone;Male;joffrey.stone@the-riverlands.com;KM;GD
Rickon Sand;Male;rickon.sand@the-crownlands.com;MN;GS
Sansa Sand;Female;sansa.sand@the-vale.com;BD;BE
Tywin Waters;Male;tywin.waters@the-vale.com;HR;KY
Eddard Snow;Male;eddard.snow@the-riverlands.com;KZ;BW
Jamie Stone;Male;jamie.stone@the-westerlands.com;CO;GR
Jon Pyke;Male;jon.pyke@the-north.com;IT;AO
Tommen Hill;Male;tommen.hill@the-stormlands.com;SC;GR
Tywin Waters;Male;tywin.waters@the-reach.com;NI;MX
Myrcella Rivers;Female;myrcella.rivers@the-reach.com;PL;AX
Rickon Pyke;Male;rickon.pyke@the-stormlands.com;UA;KY
Tommen Rivers;Male;tommen.rivers@the-westerlands.com;GS;NI
Arya Storm;Female;arya.storm@the-north.com;RU;LU
Arya Sand;Female;arya.sand@the-north.com;VG;NP
Tyrion Flowers;Male;tyrion.flowers@the-crownlands.com;PE;NL
Tommen Flowers;Male;tommen.flowers@the-westerlands.com;MW;EH
Robb Snow;Male;robb.snow@the-north.com;KM;AX
Catelyn Flowers;Female;catelyn.flowers@the-iron-islands.com;CD;QA
Tommen Flowers;Male;tommen.flowers@the-vale.com;GN;SV
Eddard Stone;Male;eddard.stone@the-reach.com;KI;PY
Jon Rivers;Male;jon.rivers@the-iron-islands.com;AG;MD
Joffrey Rivers;Male;joffrey.rivers@the-westerlands.com;MA;ZA
Tyrion Storm;Male;tyrion.storm@dorne.com;HK;GB
Rickon Hill;Male;rickon.hill@the-crownlands.com;OM;GW
Myrcella Waters;Female;myrcella.waters@the-stormlands.com;AR;KZ
Arya Rivers;Female;arya.rivers@the-north.com;LC;AO
Tywin Snow;Male;tywin.snow@dorne.com;GB;KR
Tyrion Stone;Male;tyrion.stone@the-stormlands.com;MU;PW
Robb Snow;Male;robb.snow@dorne.com;IN;AI
Cersei Stone;Female;cersei.stone@the-vale.com;MH;AL
Jamie Flowers;Male;jamie.flowers@the-stormlands.com;RW;BB
Tommen Waters;Male;tommen.waters@the-vale.com;HK;ME
Cersei Storm;Female;cersei.storm@the-vale.com;HR;HR
Tywin Stone;Male;tywin.stone@the-stormlands.com;CK;UZ
Bran Rivers;Male;bran.rivers@the-iron-islands.com;PH;HK
Joffrey Rivers;Male;joffrey.rivers@the-reach.com;RW;SN
Jon Stone;Male;jon.stone@the-north.com;MD;MA
Tyrion Snow;Male;tyrion.snow@the-westerlands.com;JP;JE
Jamie Stone;Male;jamie.stone@the-north.com;BE;TG
Tommen Sand;Male;tommen.sand@the-stormlands.com;VN;DJ
Myrcella Storm;Female;myrcella.storm@the-reach.com;CO;YT
Eddard Waters;Male;eddard.waters@the-vale.com;BD;SO
Jon Snow;Male;jon.snow@the-iron-islands.com;MU;NU
Bran Waters;Male;bran.waters@the-stormlands.com;GE;WF
Jamie Snow;Male;jamie.snow@the-iron-islands.com;CA;SV
Cersei Stone;Female;cersei.stone@the-stormlands.com;MA;MW
Jamie Pyke;Male;jamie.pyke@the-vale.com;AE;TN
Joffrey Snow;Male;joffrey.snow@the-north.com;AI;TJ
Cersei Sand;Female;cersei.sand@the-riverlands.com;MA;AI
Arya Rivers;Female;arya.rivers@the-stormlands.com;SY;BN
Catelyn Pyke;Female;catelyn.pyke@the-vale.com;DM;IO
Robb Sand;Male;robb.sand@the-reach.com;ER;MY
Jamie Sand;Male;jamie.sand@the-reach.com;BS;NF
Robb Waters;Male;robb.waters@the-westerlands.com;GU;HT
Arya Sand;Female;arya.sand@the-vale.com;SR;CA
Jon Waters;Male;jon.waters@dorne.com;MN;CZ
Catelyn Pyke;Female;catelyn.pyke@the-crownlands.com;CV;IN
Tyrion Pyke;Male;tyrion.pyke@the-vale.com;LA;LU
Catelyn Rivers;Female;catelyn.rivers@the-westerlands.com;CY;SK
Bran Stone;Male;bran.stone@the-north.com;QA;AW
Bran Rivers;Male;bran.rivers@the-reach.com;ET;YE
Myrcella Pyke;Female;myrcella.pyke@the-stormlands.com;MA;PY
Tyrion Hill;Male;tyrion.hill@the-vale.com;MC;GI
Myrcella Snow;Female;myrcella.snow@dorne.com;NE;CZ
Bran Waters;Male;bran.waters@the-reach.com;LC;AZ
Joffrey Sand;Male;joffrey.sand@the-crownlands.com;CV;LS
Sansa Pyke;Female;sansa.pyke@the-iron-islands.com;LK;GQ
Jamie Hill;Male;jamie.hill@the-iron-islands.com;GE;KP
Rickon Pyke;Male;rickon.pyke@dorne.com;CC;CI
Tyrion Rivers;Male;tyrion.rivers@the-riverlands.com;TJ;GE
Cersei Sand;Female;cersei.sand@the-reach.com;CY;BO
Jamie Stone;Male;jamie.stone@dorne.com;US;DM
Tywin Snow;Male;tywin.snow@the-north.com;KN;PS
Bran Storm;Male;bran.storm@dorne.com;HK;GS
Catelyn Pyke;Female;catelyn.pyke@the-crownlands.com;KE;PN
Robb Rivers;Male;robb.rivers@the-westerlands.com;KP;VI
Tywin Waters;Male;tywin.waters@the-reach.com;AS;GN
Joffrey Hill;Male;joffrey.hill@the-north.com;HR;AN
Tommen Sand;Male;tommen.sand@the-crownlands.com;CH;MD
Arya Snow;Female;arya.snow@dorne.com;SK;CN
Tywin Storm;Male;tywin.storm@the-stormlands.com;BS;MP
Arya Stone;Female;arya.stone@the-stormlands.com;BR;FI
Tywin Storm;Male;tywin.storm@the-crownlands.com;FJ;CM
Jamie Snow;Male;jamie.snow@the-iron-islands.com;MX;HU
Rickon Stone;Male;rickon.stone@the-westerlands.com;RW;UY
Jon Flowers;Male;jon.flowers@the-riverlands.com;GN;CC
Rickon Sand;Male;rickon.sand@the-vale.com;YT;PH
Jon Storm;Male;jon.storm@the-north.com;AN;AM
Myrcella Sand;Female;myrcella.sand@the-north.com;GU;HT
Cersei Sand;Female;cersei.sand@the-riverlands.com;PT;ZW
Bran Sand;Male;bran.sand@the-north.com;DM;AQ
Arya Hill;Female;arya.hill@the-vale.com;ZM;UY
Rickon Snow;Male;rickon.snow@the-north.com;CF;ET
Jon Waters;Male;jon.waters@the-reach.com;KP;ML
Arya Flowers;Female;arya.flowers@the-crownlands.com;IS;ST
Eddard Waters;Male;eddard.waters@the-iron-islands.com;PK;MY
Catelyn Snow;Female;catelyn.snow@the-north.com;GS;GP
Joffrey Sand;Male;joffrey.sand@the-stormlands.com;BM;AL
Bran Flowers;Male;bran.flowers@the-reach.com;PM;SL
Cersei Waters;Female;cersei.waters@the-westerlands.com;TK;GW
Tyrion Hill;Male;tyrion.hill@dorne.com;SE;FI
Joffrey Flowers;Male;joffrey.flowers@the-iron-islands.com;MY;CK
Tywin Pyke;Male;tywin.pyke@the-westerlands.com;ZM;PN
Sansa Pyke;Female;sansa.pyke@the-riverlands.com;GL;SD
Arya Rivers;Female;arya.rivers@the-vale.com;CD;UG
Tommen Sand;Male;tommen.sand@the-westerlands.com;MD;DJ
Bran Sand;Male;bran.sand@the-stormlands.com;DZ;BB
Rickon Sand;Male;rickon.sand@the-vale.com;CK;DZ
Jamie Flowers;Male;jamie.flowers@the-crownlands.com;MM;NU
Bran Sand;Male;bran.sand@the-crownlands.com;ST;IE
Catelyn Rivers;Female;catelyn.rivers@the-reach.com;SD;ME
Robb Stone;Male;robb.stone@the-reach.com;TD;RW
Rickon Flowers;Male;rickon.flowers@the-riverlands.com;CV;KP
Rickon Stone;Male;rickon.stone@the-iron-islands.com;MN;GY
Eddard Waters;Male;eddard.waters@the-iron-islands.com;KG;MS
Tommen Rivers;Male;tommen.rivers@the-north.com;BT;MZ
Jamie Stone;Male;jamie.stone@the-riverlands.com;IE;MN
Rickon Storm;Male;rickon.storm@the-reach.com;ZW;QA
Arya Storm;Female;arya.storm@the-iron-islands.com;CC;SB
Tommen Waters;Male;tommen.waters@the-riverlands.com;SI;VI
Jon Pyke;Male;jon.pyke@the-stormlands.com;ZM;KW
Cersei Flowers;Female;cersei.flowers@the-vale.com;KI;AS
Robb Storm;Male;robb.storm@the-riverlands.com;EE;SE
Jamie Stone;Male;jamie.stone@the-iron-islands.com;BM;CH
Rickon Storm;Male;rickon.storm@the-crownlands.com;ZW;LB
Jon Hill;Male;jon.hill@the-westerlands.com;CK;NL
Joffrey Snow;Male;joffrey.snow@the-riverlands.com;PK;KG
Tommen Flowers;Male;tommen.flowers@the-riverlands.com;JP;HN
Catelyn Stone;Female;catelyn.stone@the-iron-islands.com;CZ;ZW
Bran Snow;Male;bran.snow@the-vale.com;MZ;MW
Cersei Pyke;Female;cersei.pyke@the-riverlands.com;GF;GY
Cersei Snow;Female;cersei.snow@the-north.com;NA;LR
Eddard Snow;Male;eddard.snow@dorne.com;SN;PY
Tyrion Flowers;Male;tyrion.flowers@the-reach.com;CX;TT
Bran Hill;Male;bran.hill@the-westerlands.com;RW;XK
Myrcella Hill;Female;myrcella.hill@the-stormlands.com;AQ;MX
Myrcella Pyke;Female;myrcella.pyke@the-crownlands.com;LA;CO
Rickon Pyke;Male;rickon.pyke@dorne.com;IO;RU
Jon Storm;Male;jon.storm@the-stormlands.com;GD;TD
Jon Flowers;Male;jon.flowers@the-north.com;NF;AZ
Myrcella Storm;Female;myrcella.storm@the-vale.com;VI;CK
Myrcella Flowers;Female;myrcella.flowers@the-westerlands.com;JP;JO
Jamie Rivers;Male;jamie.rivers@the-crownlands.com;NI;AN
Cersei Snow;Female;cersei.snow@the-stormlands.com;CY;BM
Tywin Stone;Male;tywin.stone@the-reach.com;RE;NG
Myrcella Pyke;Female;myrcella.pyke@the-stormlands.com;UY;BY
Catelyn Pyke;Female;catelyn.pyke@the-iron-islands.com;MH;LI
Cersei Waters;Female;cersei.waters@the-stormlands.com;BR;GS
Arya Stone;Female;arya.stone@the-iron-islands.com;CI;PN
Sansa Stone;Female;sansa.stone@the-vale.com;BZ;SV
Tyrion Pyke;Male;tyrion.pyke@the-crownlands.com;BD;GH
Robb Storm;Male;robb.storm@the-westerlands.com;BO;CM
Tommen Snow;Male;tommen.snow@the-westerlands.com;US;IL
Tyrion Waters;Male;tyrion.waters@the-stormlands.com;ML;FJ
Robb Pyke;Male;robb.pyke@the-iron-islands.com;MS;YE
Eddard Snow;Male;eddard.snow@the-north.com;PK;MX
Bran Storm;Male;bran.storm@the-iron-islands.com;TG;PS
Jon Snow;Male;jon.snow@the-westerlands.com;CY;IR
Tywin Flowers;Male;tywin.flowers@the-north.com;CK;HT
Jon Snow;Male;jon.snow@the-vale.com;XK;AG
Bran Storm;Male;bran.storm@the-vale.com;NF;VG
Rickon Flowers;Male;rickon.flowers@dorne.com;CO;VG
Bran Waters;Male;bran.waters@the-crownlands.com;NF;MW
Cersei Sand;Female;cersei.sand@the-iron-islands.com;TT;SN
Myrcella Pyke;Female;myrcella.pyke@the-westerlands.com;CR;PW
Jamie Rivers;Male;jamie.rivers@the-stormlands.com;NA;TK
Catelyn Storm;Female;catelyn.storm@the-riverlands.com;IN;BD
Eddard Storm;Male;eddard.storm@the-crownlands.com;UA;CG
Catelyn Rivers;Female;catelyn.rivers@the-crownlands.com;DE;IS
Arya Waters;Female;arya.waters@the-vale.com;KN;BJ
Jamie Rivers;Male;jamie.rivers@the-vale.com;BB;CI
Rickon Snow;Male;rickon.snow@the-westerlands.com;YT;GL
Tywin Snow;Male;tywin.snow@the-vale.com;YT;BE
Joffrey Waters;Male;joffrey.waters@the-stormlands.com;SC;ZW
Cersei Storm;Female;cersei.storm@dorne.com;IN;AZ
Jon Rivers;Male;jon.rivers@the-vale.com;BR;PS
Myrcella Stone;Female;myrcella.stone@the-westerlands.com;GH;HM
Jamie Sand;Male;jamie.sand@the-iron-islands.com;CU;SL
Joffrey Flowers;Male;joffrey.flowers@the-reach.com;KG;BR
Myrcella Hill;Female;myrcella.hill@the-reach.com;LT;UZ
Rickon Pyke;Male;rickon.pyke@the-westerlands.com;GU;AN
Jon Storm;Male;jon.storm@the-north.com;MG;BM
Jon Flowers;Male;jon.flowers@the-north.com;PW;DO
Jon Stone;Male;jon.stone@the-westerlands.com;BG;LT
Rickon Rivers;Male;rickon.rivers@the-crownlands.com;RO;KG
Arya Pyke;Female;arya.pyke@the-vale.com;IM;TH
Jamie Flowers;Male;jamie.flowers@the-crownlands.com;WF;VI
Myrcella Stone;Female;myrcella.stone@the-riverlands.com;TR;GM
Tommen Sand;Male;tommen.sand@the-stormlands.com;AU;PY
Bran Pyke;Male;bran.pyke@the-riverlands.com;AW;KZ
Robb Flowers;Male;robb.flowers@the-westerlands.com;JE;FK
Myrcella Hill;Female;myrcella.hill@the-reach.com;ST;VA
Tyrion Waters;Male;tyrion.waters@dorne.com;EE;CM
Jamie Stone;Male;jamie.stone@the-crownlands.com;SL;FJ
Robb Storm;Male;robb.storm@the-stormlands.com;AQ;AR
Bran Pyke;Male;bran.pyke@the-north.com;NF;CG
Eddard Rivers;Male;eddard.rivers@the-riverlands.com;KI;JE
Rickon Hill;Male;rickon.hill@dorne.com;TT;MD
Myrcella Pyke;Female;myrcella.pyke@the-westerlands.com;KG;GW
Jamie Stone;Male;jamie.stone@the-crownlands.com;DM;PM
Tyrion Rivers;Male;tyrion.rivers@the-westerlands.com;BJ;US
Joffrey Sand;Male;joffrey.sand@the-iron-islands.com;GT;PT
Tyrion Stone;Male;tyrion.stone@the-crownlands.com;VC;UY
Jon Pyke;Male;jon.pyke@the-reach.com;PY;SA
Arya Waters;Female;arya.waters@the-vale.com;IR;SL
Eddard Stone;Male;eddard.stone@the-north.com;CY;TD
Jamie Rivers;Male;jamie.rivers@the-north.com;RW;MV
Cersei Storm;Female;cersei.storm@the-north.com;CG;BR
Catelyn Snow;Female;catelyn.snow@the-stormlands.com;FJ;PG
Rickon Snow;Male;rickon.snow@the-westerlands.com;BI;ES
Tywin Rivers;Male;tywin.rivers@the-iron-islands.com;NU;SI
Tywin Waters;Male;tywin.waters@the-vale.com;TT;HN
Myrcella Stone;Female;myrcella.stone@the-riverlands.com;SJ;CC
Tommen Waters;Male;tommen.waters@the-iron-islands.com;MC;ZA
Tommen Waters;Male;tommen.waters@the-westerlands.com;VN;WS
Cersei Storm;Female;cersei.storm@dorne.com;BZ;KR
Eddard Stone;Male;eddard.stone@the-north.com;RW;UG
Sansa Snow;Female;sansa.snow@the-vale.com;IQ;TO
Robb Rivers;Male;robb.rivers@the-riverlands.com;BV;PF
Joffrey Waters;Male;joffrey.waters@the-riverlands.com;YT;AE
Sansa Storm;Female;sansa.storm@the-vale.com;MR;GD
Cersei Hill;Female;cersei.hill@the-reach.com;AG;IN
Joffrey Flowers;Male;joffrey.flowers@the-crownlands.com;LY;SM
Tyrion Rivers;Male;tyrion.rivers@the-iron-islands.com;SD;GP
Eddard Snow;Male;eddard.snow@the-westerlands.com;NC;RW
Jon Rivers;Male;jon.rivers@the-north.com;NU;IO
Bran Hill;Male;bran.hill@the-iron-islands.com;BI;NE
Jon Rivers;Male;jon.rivers@the-north.com;HU;TN
Cersei Pyke;Female;cersei.pyke@the-stormlands.com;UA;LA
Cersei Waters;Female;cersei.waters@dorne.com;FI;RW
Joffrey Snow;Male;joffrey.snow@dorne.com;KP;ZA
Sansa Sand;Female;sansa.sand@the-crownlands.com;VE;SM
Joffrey Pyke;Male;joffrey.pyke@the-north.com;RS;IO
Robb Storm;Male;robb.storm@the-iron-islands.com;NO;NF
Robb Snow;Male;robb.snow@the-stormlands.com;AF;KP
Myrcella Sand;Female;myrcella.sand@the-westerlands.com;RW;BV
Catelyn Flowers;Female;catelyn.flowers@the-westerlands.com;MZ;MH
Sansa Flowers;Female;sansa.flowers@the-riverlands.com;ET;GN
Cersei Rivers;Female;cersei.rivers@the-reach.com;MR;FI
Catelyn Stone;Female;catelyn.stone@the-reach.com;MP;LS
Sansa Pyke;Female;sansa.pyke@the-westerlands.com;ER;SN
Jon Hill;Male;jon.hill@the-crownlands.com;AG;HU
Rickon Storm;Male;rickon.storm@the-north.com;MG;MX
Sansa Sand;Female;sansa.sand@the-crownlands.com;NU;PG
Robb Waters;Male;robb.waters@the-reach.com;AI;KY
Arya Sand;Female;arya.sand@dorne.com;GG;AD
Catelyn Flowers;Female;catelyn.flowers@the-stormlands.com;KN;SB
Cersei Waters;Female;cersei.waters@dorne.com;NE;BE
Bran Snow;Male;bran.snow@the-westerlands.com;CC;GE
Sansa Flowers;Female;sansa.flowers@the-vale.com;MX;AE
Cersei Pyke;Female;cersei.pyke@the-reach.com;AX;VU
Rickon Pyke;Male;rickon.pyke@the-stormlands.com;MN;AE
Jamie Waters;Male;jamie.waters@the-iron-islands.com;MD;AZ
Bran Flowers;Male;bran.flowers@the-reach.com;LI;NP
Tommen Pyke;Male;tommen.pyke@the-westerlands.com;LS;AD
Bran Waters;Male;bran.waters@the-crownlands.com;SR;CM
Joffrey Storm;Male;joffrey.storm@dorne.com;LB;PH
Jamie Waters;Male;jamie.waters@the-north.com;KP;ME
Jamie Flowers;Male;jamie.flowers@the-iron-islands.com;PS;MG
Jon Pyke;Male;jon.pyke@the-stormlands.com;CX;GT
Robb Sand;Male;robb.sand@dorne.com;BM;AE
Joffrey Storm;Male;joffrey.storm@the-crownlands.com;RS;SI
Rickon Storm;Male;rickon.storm@the-vale.com;SL;CN
Sansa Hill;Female;sansa.hill@the-reach.com;CC;GN
Tommen Flowers;Male;tommen.flowers@dorne.com;LA;LT
Joffrey Storm;Male;joffrey.storm@the-riverlands.com;AU;NO
Tyrion Rivers;Male;tyrion.rivers@the-vale.com;JO;GG
Jon Rivers;Male;jon.rivers@the-westerlands.com;IL;AW
Tyrion Flowers;Male;tyrion.flowers@dorne.com;RW;UY
Tywin Rivers;Male;tywin.rivers@the-riverlands.com;KM;AL
Eddard Hill;Male;eddard.hill@dorne.com;FM;IS
Jamie Waters;Male;jamie.waters@the-vale.com;BM;CY
Cersei Waters;Female;cersei.waters@dorne.com;VE;GW
Rickon Waters;Male;rickon.waters@the-north.com;NE;LT
Tyrion Stone;Male;tyrion.stone@the-westerlands.com;FJ;MG
Myrcella Stone;Female;myrcella.stone@the-north.com;EE;GE
Arya Rivers;Female;arya.rivers@the-north.com;MG;AI
Tywin Sand;Male;tywin.sand@the-stormlands.com;EH;NP
Robb Flowers;Male;robb.flowers@the-crownlands.com;CG;LV
Bran Rivers;Male;bran.rivers@the-stormlands.com;LR;GY
Catelyn Pyke;Female;catelyn.pyke@the-north.com;SC;GH
Robb Rivers;Male;robb.rivers@the-crownlands.com;TO;BO
Bran Waters;Male;bran.waters@the-stormlands.com;NG;MC
Rickon Flowers;Male;rickon.flowers@the-crownlands.com;CG;GW
Tyrion Snow;Male;tyrion.snow@the-westerlands.com;EG;ID
Tommen Stone;Male;tommen.stone@the-north.com;GQ;NL
Catelyn Pyke;Female;catelyn.pyke@the-north.com;TC;MO
Tyrion Snow;Male;tyrion.snow@the-crownlands.com;PH;RO
Eddard Hill;Male;eddard.hill@dorne.com;BG;BO
Jon Hill;Male;jon.hill@the-iron-islands.com;VE;UZ
Cersei Storm;Female;cersei.storm@the-stormlands.com;XK;LT
Tyrion Waters;Male;tyrion.waters@dorne.com;MM;MD
Bran Hill;Male;bran.hill@the-iron-islands.com;MO;IT
Jamie Hill;Male;jamie.hill@the-vale.com;FO;MQ
Arya Sand;Female;arya.sand@the-vale.com;MS;NP
Catelyn Storm;Female;catelyn.storm@the-westerlands.com;IN;SB
Jamie Sand;Male;jamie.sand@the-riverlands.com;MR;MO
Bran Snow;Male;bran.snow@the-riverlands.com;GL;PT
Tyrion Sand;Male;tyrion.sand@the-north.com;MA;PS
Tommen Sand;Male;tommen.sand@the-crownlands.com;AN;HR
Cersei Pyke;Female;cersei.pyke@the-stormlands.com;PY;DM
Catelyn Stone;Female;catelyn.stone@the-reach.com;CL;RE
Catelyn Pyke;Female;catelyn.pyke@the-north.com;CX;SJ
Catelyn Waters;Female;catelyn.waters@the-vale.com;CO;BB
Myrcella Sand;Female;myrcella.sand@the-crownlands.com;GT;CV
Tyrion Waters;Male;tyrion.waters@the-stormlands.com;TR;LB
Jon Flowers;Male;jon.flowers@the-stormlands.com;JE;KP
Myrcella Rivers;Female;myrcella.rivers@the-stormlands.com;VC;EC
Jamie Rivers;Male;jamie.rivers@the-crownlands.com;DK;TV
Robb Pyke;Male;robb.pyke@the-north.com;KH;SB
Sansa Flowers;Female;sansa.flowers@dorne.com;LS;AS
Arya Pyke;Female;arya.pyke@the-crownlands.com;VN;MS
Sansa Hill;Female;sansa.hill@dorne.com;ZM;SH
Bran Rivers;Male;bran.rivers@the-crownlands.com;TK;NR
Bran Waters;Male;bran.waters@the-reach.com;MX;BJ
Jon Storm;Male;jon.storm@the-westerlands.com;BY;LR
Jamie Snow;Male;jamie.snow@the-reach.com;KM;NO
Rickon Stone;Male;rickon.stone@the-reach.com;SZ;TJ
Tommen Hill;Male;tommen.hill@the-stormlands.com;BZ;SV
Catelyn Pyke;Female;catelyn.pyke@the-riverlands.com;KI;AL
Eddard Storm;Male;eddard.storm@the-stormlands.com;IN;CF
Tywin Storm;Male;tywin.storm@the-westerlands.com;LC;PE
Joffrey Storm;Male;joffrey.storm@the-iron-islands.com;ER;LS
Joffrey Rivers;Male;joffrey.rivers@the-westerlands.com;LV;TF
Tommen Waters;Male;tommen.waters@the-westerlands.com;CO;BA
Catelyn Hill;Female;catelyn.hill@the-north.com;SG;BD
Robb Flowers;Male;robb.flowers@the-vale.com;CC;KR
Joffrey Snow;Male;joffrey.snow@dorne.com;JP;VA
Robb Rivers;Male;robb.rivers@the-reach.com;TK;PN
Catelyn Waters;Female;catelyn.waters@the-crownlands.com;GB;MM
Eddard Pyke;Male;eddard.pyke@the-north.com;BW;VA
Tommen Snow;Male;tommen.snow@the-westerlands.com;CZ;MA
Jon Flowers;Male;jon.flowers@the-riverlands.com;HN;DM
Catelyn Waters;Female;catelyn.waters@the-crownlands.com;BG;AT
Robb Storm;Male;robb.storm@the-vale.com;CI;SR
Tommen Storm;Male;tommen.storm@the-vale.com;MH;DE
Tommen Sand;Male;tommen.sand@the-westerlands.com;NO;SC
Jamie Sand;Male;jamie.sand@the-iron-islands.com;GE;BF
Bran Hill;Male;bran.hill@the-north.com;LK;MZ
Tywin Hill;Male;tywin.hill@the-crownlands.com;RO;LC
Tommen Sand;Male;tommen.sand@the-iron-islands.com;FO;CC
Jamie Sand;Male;jamie.sand@the-westerlands.com;SN;TW
Joffrey Waters;Male;joffrey.waters@dorne.com;RE;GP
Rickon Hill;Male;rickon.hill@the-westerlands.com;EC;CH
Cersei Flowers;Female;cersei.flowers@the-crownlands.com;PE;NU
Joffrey Stone;Male;joffrey.stone@the-crownlands.com;EG;KG
Tywin Rivers;Male;tywin.rivers@the-crownlands.com;MN;CC
Myrcella Rivers;Female;myrcella.rivers@the-westerlands.com;BV;PT
Catelyn Flowers;Female;catelyn.flowers@the-reach.com;JE;VC
Arya Storm;Female;arya.storm@the-crownlands.com;VC;EE
Bran Stone;Male;bran.stone@dorne.com;MU;SI
Jon Pyke;Male;jon.pyke@dorne.com;GR;GW
Tyrion Flowers;Male;tyrion.flowers@the-reach.com;LT;SZ
Joffrey Rivers;Male;joffrey.rivers@the-north.com;ST;BB
Tyrion Hill;Male;tyrion.hill@the-stormlands.com;LA;AN
Myrcella Hill;Female;myrcella.hill@the-vale.com;AL;UG
Robb Storm;Male;robb.storm@the-vale.com;BZ;AU
Tyrion Rivers;Male;tyrion.rivers@the-vale.com;VN;NZ
Myrcella Waters;Female;myrcella.waters@the-vale.com;BW;EG
Tommen Pyke;Male;tommen.pyke@the-westerlands.com;BB;VI
Tywin Sand;Male;tywin.sand@the-vale.com;BH;TF
Tommen Pyke;Male;tommen.pyke@the-iron-islands.com;CK;GN
Robb Flowers;Male;robb.flowers@the-reach.com;CC;PL
Catelyn Flowers;Female;catelyn.flowers@the-crownlands.com;NF;HK
Rickon Hill;Male;rickon.hill@the-riverlands.com;GA;SC
Catelyn Flowers;Female;catelyn.flowers@the-north.com;DM;FK
Jamie Waters;Male;jamie.waters@the-reach.com;MR;PH
Rickon Hill;Male;rickon.hill@dorne.com;YE;HN
Bran Stone;Male;bran.stone@dorne.com;TM;SO
Catelyn Snow;Female;catelyn.snow@dorne.com;PM;ML
Jamie Stone;Male;jamie.stone@the-iron-islands.com;CV;LC
Joffrey Stone;Male;joffrey.stone@the-stormlands.com;VA;PE
Catelyn Flowers;Female;catelyn.flowers@the-north.com;FJ;PE
Tywin Waters;Male;tywin.waters@the-reach.com;SN;PG
Jamie Snow;Male;jamie.snow@the-vale.com;UG;TF
Jamie Waters;Male;jamie.waters@dorne.com;TF;UY
Bran Flowers;Male;bran.flowers@the-crownlands.com;PM;GD
Bran Waters;Male;bran.waters@the-stormlands.com;MV;ML
Tommen Hill;Male;tommen.hill@dorne.com;RU;IT
Cersei Rivers;Female;cersei.rivers@the-stormlands.com;KG;BH
Bran Snow;Male;bran.snow@the-reach.com;IS;TM
Rickon Stone;Male;rickon.stone@the-crownlands.com;FO;TR
Cersei Flowers;Female;cersei.flowers@the-riverlands.com;SN;RU
Rickon Pyke;Male;rickon.pyke@the-stormlands.com;KP;VU
Cersei Pyke;Female;cersei.pyke@dorne.com;TV;GQ
Joffrey Hill;Male;joffrey.hill@the-stormlands.com;VG;KN
Arya Waters;Female;arya.waters@dorne.com;TF;SA
Arya Hill;Female;arya.hill@the-vale.com;ST;TT
Bran Snow;Male;bran.snow@the-iron-islands.com;BN;CN
Rickon Sand;Male;rickon.sand@the-vale.com;MX;SI
Joffrey Snow;Male;joffrey.snow@the-stormlands.com;CF;TJ
Rickon Sand;Male;rickon.sand@the-riverlands.com;ES;PR
Tyrion Pyke;Male;tyrion.pyke@the-iron-islands.com;LV;PW
Tywin Pyke;Male;tywin.pyke@the-reach.com;OM;IL
Jamie Waters;Male;jamie.waters@the-vale.com;VC;FK
Robb Storm;Male;robb.storm@the-riverlands.com;KP;MN
Jamie Rivers;Male;jamie.rivers@the-north.com;LU;CF
Myrcella Stone;Female;myrcella.stone@the-vale.com;SA;SA
Rickon Stone;Male;rickon.stone@the-vale.com;NG;NZ
Jamie Stone;Male;jamie.stone@the-riverlands.com;DE;UZ
Joffrey Rivers;Male;joffrey.rivers@the-crownlands.com;ER;TM
Catelyn Hill;Female;catelyn.hill@the-westerlands.com;FJ;SA
Bran Flowers;Male;bran.flowers@dorne.com;SB;CG
Myrcella Waters;Female;myrcella.waters@the-crownlands.com;DO;GA
Tyrion Flowers;Male;tyrion.flowers@the-crownlands.com;EH;BS
Rickon Hill;Male;rickon.hill@dorne.com;VU;GS
Myrcella Stone;Female;myrcella.stone@the-crownlands.com;RW;IS
Arya Snow;Female;arya.snow@the-crownlands.com;LS;FI
Bran Waters;Male;bran.waters@the-crownlands.com;CZ;SB
Sansa Waters;Female;sansa.waters@the-westerlands.com;CV;NI
Joffrey Waters;Male;joffrey.waters@the-reach.com;HN;AW
Arya Rivers;Female;arya.rivers@dorne.com;SZ;MH
Jon Storm;Male;jon.storm@the-vale.com;MG;AD
Tyrion Flowers;Male;tyrion.flowers@the-vale.com;PW;UG
Tyrion Stone;Male;tyrion.stone@the-iron-islands.com;SY;TN
Jon Sand;Male;jon.sand@dorne.com;GW;HK
Tommen Sand;Male;tommen.sand@the-riverlands.com;NI;JP
Joffrey Pyke;Male;joffrey.pyke@the-reach.com;NU;JE
Rickon Stone;Male;rickon.stone@the-vale.com;MO;XK
Myrcella Pyke;Female;myrcella.pyke@the-crownlands.com;NR;EE
Bran Sand;Male;bran.sand@the-riverlands.com;KE;MG
Sansa Pyke;Female;sansa.pyke@the-crownlands.com;NZ;LB
Eddard Rivers;Male;eddard.rivers@the-reach.com;SL;KG
Catelyn Hill;Female;catelyn.hill@the-stormlands.com;LR;RU
Jon Storm;Male;jon.storm@dorne.com;BB;NU
Jamie Stone;Male;jamie.stone@the-north.com;GG;HM
Jamie Snow;Male;jamie.snow@the-westerlands.com;AI;MM
Myrcella Stone;Female;myrcella.stone@the-stormlands.com;GY;LU
Eddard Snow;Male;eddard.snow@the-reach.com;LV;UM
Sansa Snow;Female;sansa.snow@the-north.com;GW;GA
Eddard Snow;Male;eddard.snow@the-crownlands.com;IQ;PY
Sansa Stone;Female;sansa.stone@the-westerlands.com;AM;AD
Joffrey Rivers;Male;joffrey.rivers@the-vale.com;AU;TJ
Sansa Hill;Female;sansa.hill@the-riverlands.com;CL;AD
Eddard Pyke;Male;eddard.pyke@the-iron-islands.com;SK;YT
Tyrion Pyke;Male;tyrion.pyke@the-riverlands.com;CZ;HT
Jon Snow;Male;jon.snow@the-reach.com;GS;PG
Cersei Rivers;Female;cersei.rivers@the-stormlands.com;RE;BM
Arya Rivers;Female;arya.rivers@dorne.com;GT;CK
Jamie Rivers;Male;jamie.rivers@the-vale.com;GE;HM
Sansa Rivers;Female;sansa.rivers@the-vale.com;TZ;CL
Cersei Rivers;Female;cersei.rivers@the-stormlands.com;SD;BI
Sansa Rivers;Female;sansa.rivers@the-reach.com;HK;BN
Cersei Sand;Female;cersei.sand@the-crownlands.com;IM;CK
Tywin Storm;Male;tywin.storm@the-vale.com;UY;BT
Tyrion Snow;Male;tyrion.snow@the-vale.com;MO;ST
Arya Rivers;Female;arya.rivers@the-westerlands.com;PN;MH
Sansa Pyke;Female;sansa.pyke@the-vale.com;FO;SE
Rickon Waters;Male;rickon.waters@the-vale.com;IT;KI
Robb Waters;Male;robb.waters@the-crownlands.com;MO;AL
Robb Pyke;Male;robb.pyke@the-westerlands.com;ID;FK
Tyrion Snow;Male;tyrion.snow@the-reach.com;TF;EH
Cersei Pyke;Female;cersei.pyke@the-iron-islands.com;GG;QA
Joffrey Storm;Male;joffrey.storm@the-north.com;KR;BM
Jon Rivers;Male;jon.rivers@the-westerlands.com;HM;CR
Jamie Flowers;Male;jamie.flowers@the-riverlands.com;IS;KG
Myrcella Waters;Female;myrcella.waters@the-crownlands.com;AD;DZ
Rickon Stone;Male;rickon.stone@the-westerlands.com;AG;LU
Catelyn Storm;Female;catelyn.storm@the-iron-islands.com;VU;SE
Jon Flowers;Male;jon.flowers@the-vale.com;CY;HM
Eddard Rivers;Male;eddard.rivers@the-stormlands.com;SZ;JE
Tyrion Rivers;Male;tyrion.rivers@the-vale.com;TM;IS
Eddard Hill;Male;eddard.hill@the-vale.com;GT;GL
Joffrey Storm;Male;joffrey.storm@dorne.com;SL;CY
Eddard Hill;Male;eddard.hill@the-iron-islands.com;LU;RS
Catelyn Storm;Female;catelyn.storm@the-iron-islands.com;AO;JO
Joffrey Flowers;Male;joffrey.flowers@the-riverlands.com;NG;ZA
Catelyn Hill;Female;catelyn.hill@the-westerlands.com;BW;TT
Jon Waters;Male;jon.waters@the-reach.com;GS;TH
Jon Snow;Male;jon.snow@the-westerlands.com;NR;GR
Jon Storm;Male;jon.storm@the-reach.com;GH;HU
Robb Sand;Male;robb.sand@the-stormlands.com;VU;KN
Jamie Sand;Male;jamie.sand@the-iron-islands.com;MU;LI
Arya Rivers;Female;arya.rivers@the-crownlands.com;GH;AD
Bran Pyke;Male;bran.pyke@the-north.com;CF;BB
Joffrey Snow;Male;joffrey.snow@the-crownlands.com;PW;TV
Arya Snow;Female;arya.snow@the-vale.com;ST;KN
Myrcella Pyke;Female;myrcella.pyke@the-stormlands.com;NZ;CI
Tommen Hill;Male;tommen.hill@dorne.com;AF;LV
Cersei Rivers;Female;cersei.rivers@the-crownlands.com;AO;TW
Joffrey Storm;Male;joffrey.storm@the-north.com;SL;DO
Jon Snow;Male;jon.snow@the-reach.com;PM;MZ
Robb Stone;Male;robb.stone@the-stormlands.com;BJ;BI
Sansa Sand;Female;sansa.sand@the-iron-islands.com;FM;TC
Rickon Storm;Male;rickon.storm@dorne.com;CU;FK
Robb Waters;Male;robb.waters@the-reach.com;PR;MT
Eddard Waters;Male;eddard.waters@the-iron-islands.com;ME;NF
Tommen Waters;Male;tommen.waters@the-riverlands.com;BH;EH
Rickon Pyke;Male;rickon.pyke@the-westerlands.com;ME;BG
Catelyn Stone;Female;catelyn.stone@the-riverlands.com;TC;GM
Arya Snow;Female;arya.snow@the-reach.com;QA;NZ
Joffrey Hill;Male;joffrey.hill@the-north.com;ET;NE
Arya Pyke;Female;arya.pyke@the-stormlands.com;MD;MY
Bran Snow;Male;bran.snow@the-crownlands.com;CI;SC
Jon Snow;Male;jon.snow@the-stormlands.com;EC;PK
Rickon Storm;Male;rickon.storm@the-north.com;LC;GN
Tywin Stone;Male;tywin.stone@the-westerlands.com;FO;AI
Sansa Flowers;Female;sansa.flowers@dorne.com;VN;TD
Arya Stone;Female;arya.stone@the-stormlands.com;MR;AL
Cersei Storm;Female;cersei.storm@the-stormlands.com;CV;PH
Arya Rivers;Female;arya.rivers@the-crownlands.com;HU;GW
Bran Pyke;Male;bran.pyke@the-stormlands.com;LY;ZM
Eddard Storm;Male;eddard.storm@the-reach.com;SM;PF
Cersei Stone;Female;cersei.stone@the-crownlands.com;AT;SR
Joffrey Rivers;Male;joffrey.rivers@the-vale.com;BD;TN
Tyrion Hill;Male;tyrion.hill@the-vale.com;AZ;PL
Cersei Snow;Female;cersei.snow@the-vale.com;UA;SY
Jon Snow;Male;jon.snow@the-stormlands.com;GR;GB
Joffrey Storm;Male;joffrey.storm@the-iron-islands.com;PE;AM
Myrcella Snow;Female;myrcella.snow@the-riverlands.com;FK;GY
Tommen Storm;Male;tommen.storm@the-iron-islands.com;MZ;BM
Catelyn Storm;Female;catelyn.storm@the-crownlands.com;MW;CG
Tyrion Hill;Male;tyrion.hill@dorne.com;RO;ID
Arya Pyke;Female;arya.pyke@the-vale.com;TV;SN
Myrcella Flowers;Female;myrcella.flowers@the-north.com;SK;MP
Jon Pyke;Male;jon.pyke@the-vale.com;IE;PH
Rickon Rivers;Male;rickon.rivers@the-reach.com;MM;JE
Sansa Pyke;Female;sansa.pyke@the-vale.com;DM;BW
Arya Stone;Female;arya.stone@the-north.com;GT;GP
Myrcella Snow;Female;myrcella.snow@the-vale.com;MO;MO
Bran Flowers;Male;bran.flowers@the-north.com;CM;SL
Cersei Waters;Female;cersei.waters@the-riverlands.com;EE;TL
Myrcella Storm;Female;myrcella.storm@the-westerlands.com;TW;MA
Tommen Stone;Male;tommen.stone@the-riverlands.com;FR;SA
Catelyn Rivers;Female;catelyn.rivers@the-stormlands.com;BT;PM
Rickon Flowers;Male;rickon.flowers@the-iron-islands.com;PS;DJ
Joffrey Snow;Male;joffrey.snow@the-riverlands.com;GQ;NZ
Rickon Flowers;Male;rickon.flowers@the-reach.com;BM;IR
Jon Flowers;Male;jon.flowers@the-north.com;PG;BW
Tommen Storm;Male;tommen.storm@the-north.com;IO;LY
Jon Snow;Male;jon.snow@the-stormlands.com;PT;MG
Sansa Rivers;Female;sansa.rivers@the-crownlands.com;TN;BO
Cersei Stone;Female;cersei.stone@the-riverlands.com;NC;MQ
Cersei Storm;Female;cersei.storm@the-north.com;XK;BS
Jamie Hill;Male;jamie.hill@the-westerlands.com;MR;LS
Myrcella Stone;Female;myrcella.stone@the-stormlands.com;NG;IO
Jamie Hill;Male;jamie.hill@the-north.com;CF;FJ
Joffrey Stone;Male;joffrey.stone@the-stormlands.com;RE;GT
Catelyn Pyke;Female;catelyn.pyke@the-stormlands.com;GS;CI
Joffrey Storm;Male;joffrey.storm@the-stormlands.com;FJ;PF
Catelyn Flowers;Female;catelyn.flowers@the-riverlands.com;FM;KZ
Tywin Waters;Male;tywin.waters@the-vale.com;GW;BD
Tommen Flowers;Male;tommen.flowers@the-crownlands.com;BG;ID
Rickon Pyke;Male;rickon.pyke@the-stormlands.com;FK;SN
Jamie Rivers;Male;jamie.rivers@the-reach.com;ZW;FK
Rickon Rivers;Male;rickon.rivers@the-riverlands.com;MV;ES
Robb Stone;Male;robb.stone@dorne.com;MU;CC
Tommen Hill;Male;tommen.hill@the-crownlands.com;TG;MX
Rickon Sand;Male;rickon.sand@the-reach.com;JE;CN
Tyrion Waters;Male;tyrion.waters@the-north.com;OM;AL
Bran Waters;Male;bran.waters@the-reach.com;AF;CA
Myrcella Pyke;Female;myrcella.pyke@dorne.com;OM;AQ
Jamie Snow;Male;jamie.snow@the-crownlands.com;NF;SM
Sansa Stone;Female;sansa.stone@the-stormlands.com;LC;BB
Arya Hill;Female;arya.hill@dorne.com;KE;LV
Sansa Pyke;Female;sansa.pyke@the-riverlands.com;AL;BT
Sansa Waters;Female;sansa.waters@the-riverlands.com;GE;ES
Myrcella Waters;Female;myrcella.waters@dorne.com;TN;KZ
Tommen Rivers;Male;tommen.rivers@the-iron-islands.com;JP;BG
Rickon Rivers;Male;rickon.rivers@the-vale.com;GS;DK
Sansa Flowers;Female;sansa.flowers@the-stormlands.com;PS;SR
Tywin Flowers;Male;tywin.flowers@the-vale.com;KW;AQ
Tyrion Waters;Male;tyrion.waters@dorne.com;IO;IM
Bran Stone;Male;bran.stone@the-riverlands.com;BF;FJ
Catelyn Storm;Female;catelyn.storm@the-vale.com;BG;XK
Arya Sand;Female;arya.sand@the-reach.com;SH;SE
Tommen Pyke;Male;tommen.pyke@the-north.com;PA;SO
Joffrey Stone;Male;joffrey.stone@the-iron-islands.com;HR;SB
Catelyn Stone;Female;catelyn.stone@the-north.com;HK;VN
Sansa Hill;Female;sansa.hill@the-reach.com;PF;AD
Catelyn Hill;Female;catelyn.hill@the-vale.com;AE;AL
Tommen Storm;Male;tommen.storm@the-stormlands.com;SO;MR
Robb Flowers;Male;robb.flowers@the-reach.com;FK;AW
Joffrey Snow;Male;joffrey.snow@the-vale.com;KN;TD
Bran Snow;Male;bran.snow@the-vale.com;ML;TH
Joffrey Flowers;Male;joffrey.flowers@the-crownlands.com;PM;SJ
Joffrey Flowers;Male;joffrey.flowers@dorne.com;AT;GQ
Jon Storm;Male;jon.storm@the-riverlands.com;TW;BG
Joffrey Snow;Male;joffrey.snow@the-riverlands.com;MS;NP
Bran Storm;Male;bran.storm@the-westerlands.com;LT;OM
Rickon Hill;Male;rickon.hill@the-iron-islands.com;CR;KR
Jamie Stone;Male;jamie.stone@the-north.com;CG;CK
Catelyn Waters;Female;catelyn.waters@the-iron-islands.com;GG;PF
Rickon Snow;Male;rickon.snow@the-crownlands.com;RW;IL
Tywin Rivers;Male;tywin.rivers@the-stormlands.com;LB;MG
Sansa Stone;Female;sansa.stone@the-reach.com;MT;SJ
Tyrion Storm;Male;tyrion.storm@the-westerlands.com;CI;IQ
Robb Rivers;Male;robb.rivers@the-crownlands.com;VE;NC
Arya Hill;Female;arya.hill@the-westerlands.com;AN;PA
Eddard Sand;Male;eddard.sand@the-reach.com;BJ;TT
Tyrion Flowers;Male;tyrion.flowers@the-westerlands.com;BO;MC
Bran Sand;Male;bran.sand@the-iron-islands.com;GM;AR
Myrcella Stone;Female;myrcella.stone@the-north.com;IT;DJ
Joffrey Sand;Male;joffrey.sand@the-westerlands.com;UY;KY
Sansa Pyke;Female;sansa.pyke@the-stormlands.com;SH;SG
Jon Pyke;Male;jon.pyke@the-north.com;BG;AR
Sansa Sand;Female;sansa.sand@the-north.com;KY;BY
Tommen Hill;Male;tommen.hill@the-north.com;AM;TT
Eddard Stone;Male;eddard.stone@the-crownlands.com;AN;MZ
Cersei Sand;Female;cersei.sand@the-vale.com;JM;SO
Tommen Waters;Male;tommen.waters@the-vale.com;AI;PE
Rickon Stone;Male;rickon.stone@the-riverlands.com;NO;OM
Tywin Stone;Male;tywin.stone@the-vale.com;MG;PY
Rickon Pyke;Male;rickon.pyke@dorne.com;PK;IO
Jamie Stone;Male;jamie.stone@the-stormlands.com;CX;DM
Eddard Waters;Male;eddard.waters@dorne.com;LU;SJ
Bran Rivers;Male;bran.rivers@the-north.com;MW;GD
Jamie Hill;Male;jamie.hill@the-crownlands.com;CN;BR
Bran Snow;Male;bran.snow@dorne.com;SA;RS
Tommen Snow;Male;tommen.snow@the-riverlands.com;EG;LA
Sansa Rivers;Female;sansa.rivers@the-riverlands.com;CY;BY
Sansa Rivers;Female;sansa.rivers@the-stormlands.com;GQ;GG
Cersei Snow;Female;cersei.snow@the-reach.com;PE;PM
Myrcella Sand;Female;myrcella.sand@the-westerlands.com;AF;MH
Catelyn Flowers;Female;catelyn.flowers@the-north.com;HT;CX
Eddard Sand;Male;eddard.sand@the-reach.com;MW;VE
Joffrey Flowers;Male;joffrey.flowers@the-stormlands.com;AG;LT
Rickon Sand;Male;rickon.sand@the-riverlands.com;GY;BV
Rickon Pyke;Male;rickon.pyke@the-north.com;CN;TT
Joffrey Storm;Male;joffrey.storm@the-vale.com;TH;OM
Tywin Waters;Male;tywin.waters@the-vale.com;DO;JO
Joffrey Stone;Male;joffrey.stone@dorne.com;VU;UG
Cersei Pyke;Female;cersei.pyke@the-vale.com;ZM;LV
Bran Snow;Male;bran.snow@the-stormlands.com;YT;SB
Joffrey Waters;Male;joffrey.waters@the-north.com;CR;BZ
Myrcella Hill;Female;myrcella.hill@the-crownlands.com;KG;BI
Eddard Snow;Male;eddard.snow@the-riverlands.com;NF;SM
Jamie Flowers;Male;jamie.flowers@dorne.com;LR;GQ
Sansa Waters;Female;sansa.waters@the-north.com;CL;NU
Sansa Stone;Female;sansa.stone@the-vale.com;CA;IE
Cersei Sand;Female;cersei.sand@the-north.com;CX;MT
Arya Rivers;Female;arya.rivers@the-north.com;NE;ZW
Sansa Flowers;Female;sansa.flowers@the-reach.com;ME;IL
Tywin Waters;Male;tywin.waters@the-vale.com;EH;MQ
Jon Flowers;Male;jon.flowers@the-vale.com;SC;LK
Myrcella Stone;Female;myrcella.stone@dorne.com;FM;VG
Robb Waters;Male;robb.waters@the-stormlands.com;IO;LY
Tommen Pyke;Male;tommen.pyke@the-riverlands.com;IS;NL
Tywin Flowers;Male;tywin.flowers@the-stormlands.com;SO;MM
Tyrion Sand;Male;tyrion.sand@the-iron-islands.com;HT;MM
Cersei Waters;Female;cersei.waters@the-north.com;TN;TF
Tommen Snow;Male;tommen.snow@the-stormlands.com;NL;CA
Joffrey Pyke;Male;joffrey.pyke@dorne.com;BJ;AE
Tyrion Storm;Male;tyrion.storm@dorne.com;LY;GN
Joffrey Stone;Male;joffrey.stone@the-riverlands.com;TK;FI
Catelyn Rivers;Female;catelyn.rivers@the-north.com;GI;NR
Tyrion Pyke;Male;tyrion.pyke@the-reach.com;MT;BH
Cersei Waters;Female;cersei.waters@the-iron-islands.com;TO;PY
Rickon Waters;Male;rickon.waters@the-north.com;NR;QA
Catelyn Storm;Female;catelyn.storm@the-westerlands.com;TC;LC
Cersei Stone;Female;cersei.stone@the-westerlands.com;AT;TF
Jamie Hill;Male;jamie.hill@the-iron-islands.com;PK;SJ
Robb Sand;Male;robb.sand@the-crownlands.com;MK;HK
Tywin Stone;Male;tywin.stone@the-westerlands.com;MS;MM
Jon Stone;Male;jon.stone@the-crownlands.com;LC;SL
Jamie Snow;Male;jamie.snow@the-vale.com;HT;KM
Eddard Rivers;Male;eddard.rivers@the-iron-islands.com;LI;ME
Jon Hill;Male;jon.hill@the-crownlands.com;MO;PL
Tommen Stone;Male;tommen.stone@the-iron-islands.com;BY;LV
Jon Sand;Male;jon.sand@the-iron-islands.com;MU;NZ
Jon Pyke;Male;jon.pyke@the-crownlands.com;NI;DZ
Jamie Flowers;Male;jamie.flowers@the-riverlands.com;RO;RW
Sansa Flowers;Female;sansa.flowers@the-iron-islands.com;CY;NE
Bran Storm;Male;bran.storm@the-westerlands.com;KR;NL
Myrcella Hill;Female;myrcella.hill@dorne.com;AX;MZ
Jon Hill;Male;jon.hill@the-westerlands.com;BG;TJ
Cersei Snow;Female;cersei.snow@the-riverlands.com;LC;EE
Jon Waters;Male;jon.waters@the-vale.com;SL;BT
Eddard Rivers;Male;eddard.rivers@the-stormlands.com;MU;VG
Jamie Hill;Male;jamie.hill@the-vale.com;BD;NL
Bran Hill;Male;bran.hill@the-stormlands.com;TC;LA
Eddard Flowers;Male;eddard.flowers@the-iron-islands.com;SB;UZ
Myrcella Hill;Female;myrcella.hill@dorne.com;FK;RO
Cersei Snow;Female;cersei.snow@the-westerlands.com;TJ;AQ
Eddard Snow;Male;eddard.snow@the-westerlands.com;MY;SV
Tommen Flowers;Male;tommen.flowers@dorne.com;IN;KW
Joffrey Rivers;Male;joffrey.rivers@the-crownlands.com;KP;CF
Jon Flowers;Male;jon.flowers@the-north.com;CA;KZ
Eddard Flowers;Male;eddard.flowers@the-riverlands.com;WS;ME
Tyrion Flowers;Male;tyrion.flowers@the-stormlands.com;AI;FO
Arya Snow;Female;arya.snow@the-stormlands.com;AE;PA
Robb Hill;Male;robb.hill@the-vale.com;KI;DE
Eddard Snow;Male;eddard.snow@the-crownlands.com;HM;TL
Rickon Storm;Male;rickon.storm@the-riverlands.com;BR;BG
Bran Waters;Male;bran.waters@the-riverlands.com;CD;PF
Jamie Rivers;Male;jamie.rivers@the-crownlands.com;NU;SE
Rickon Hill;Male;rickon.hill@the-crownlands.com;SG;PG
Cersei Hill;Female;cersei.hill@the-crownlands.com;ZW;BD
Joffrey Hill;Male;joffrey.hill@dorne.com;LU;MX
Cersei Rivers;Female;cersei.rivers@the-vale.com;KG;TJ
Tyrion Waters;Male;tyrion.waters@the-westerlands.com;TK;GF
Joffrey Rivers;Male;joffrey.rivers@dorne.com;GL;ST
Sansa Waters;Female;sansa.waters@the-riverlands.com;XK;CA
Eddard Pyke;Male;eddard.pyke@the-north.com;MS;GF
Tyrion Snow;Male;tyrion.snow@dorne.com;EE;SB
Tywin Stone;Male;tywin.stone@the-north.com;ME;VE
Arya Pyke;Female;arya.pyke@the-westerlands.com;UG;MQ
Sansa Hill;Female;sansa.hill@the-crownlands.com;KW;VG
Catelyn Pyke;Female;catelyn.pyke@dorne.com;UG;NG
Jamie Snow;Male;jamie.snow@the-reach.com;PS;ME
Robb Stone;Male;robb.stone@the-iron-islands.com;VE;DE
Sansa Waters;Female;sansa.waters@the-riverlands.com;SD;MA
Arya Rivers;Female;arya.rivers@the-reach.com;PT;KZ
Robb Snow;Male;robb.snow@dorne.com;JO;NG
Catelyn Stone;Female;catelyn.stone@the-crownlands.com;CN;VU
Bran Sand;Male;bran.sand@dorne.com;GQ;LR
Joffrey Hill;Male;joffrey.hill@the-reach.com;GP;BE
Cersei Storm;Female;cersei.storm@the-crownlands.com;MA;GR
Joffrey Snow;Male;joffrey.snow@the-vale.com;LV;DJ
Joffrey Stone;Male;joffrey.stone@the-reach.com;CY;HN
Joffrey Stone;Male;joffrey.stone@the-north.com;PL;TV
Jamie Stone;Male;jamie.stone@the-reach.com;RU;GR
Arya Storm;Female;arya.storm@the-riverlands.com;GB;PK
Tywin Rivers;Male;tywin.rivers@the-vale.com;MM;GT
Tywin Stone;Male;tywin.stone@the-crownlands.com;JE;PA
Catelyn Snow;Female;catelyn.snow@the-westerlands.com;SI;GT
Catelyn Snow;Female;catelyn.snow@the-reach.com;TK;NP
Myrcella Stone;Female;myrcella.stone@the-reach.com;FO;CU
Tyrion Stone;Male;tyrion.stone@the-westerlands.com;SH;MY
Jamie Flowers;Male;jamie.flowers@the-riverlands.com;MN;AS
Tywin Sand;Male;tywin.sand@the-westerlands.com;CM;ID
Catelyn Waters;Female;catelyn.waters@the-north.com;TW;PT
Cersei Snow;Female;cersei.snow@the-vale.com;TR;PA
Robb Flowers;Male;robb.flowers@the-stormlands.com;BY;VG
Joffrey Waters;Male;joffrey.waters@dorne.com;AI;MV
Jamie Rivers;Male;jamie.rivers@the-reach.com;KG;BM
Bran Snow;Male;bran.snow@the-iron-islands.com;RO;EE
Myrcella Waters;Female;myrcella.waters@the-westerlands.com;ID;CG
Arya Flowers;Female;arya.flowers@the-stormlands.com;PT;TD
Catelyn Hill;Female;catelyn.hill@the-reach.com;CR;BD
Robb Sand;Male;robb.sand@the-iron-islands.com;SD;SK
Tyrion Storm;Male;tyrion.storm@the-crownlands.com;VE;SO
Catelyn Waters;Female;catelyn.waters@the-riverlands.com;UM;TZ
Robb Rivers;Male;robb.rivers@the-reach.com;SY;GH
Sansa Stone;Female;sansa.stone@the-vale.com;PH;SI
Arya Pyke;Female;arya.pyke@the-iron-islands.com;GH;SK
Sansa Flowers;Female;sansa.flowers@the-iron-islands.com;VN;FR
Tywin Snow;Male;tywin.snow@the-riverlands.com;DE;SH
Myrcella Flowers;Female;myrcella.flowers@the-iron-islands.com;CD;CK
Sansa Flowers;Female;sansa.flowers@the-stormlands.com;LY;SC
Tommen Waters;Male;tommen.waters@the-reach.com;XK;LY
Arya Flowers;Female;arya.flowers@the-crownlands.com;LC;AU
Robb Sand;Male;robb.sand@the-north.com;YE;BH
Myrcella Stone;Female;myrcella.stone@the-reach.com;AL;HU
Bran Flowers;Male;bran.flowers@the-westerlands.com;PW;WS
Rickon Pyke;Male;rickon.pyke@the-stormlands.com;TH;GP
Sansa Waters;Female;sansa.waters@the-westerlands.com;SK;PW
Jon Storm;Male;jon.storm@the-crownlands.com;CM;BV
Catelyn Storm;Female;catelyn.storm@the-reach.com;IE;OM
Catelyn Hill;Female;catelyn.hill@the-vale.com;IL;NP
Bran Rivers;Male;bran.rivers@the-riverlands.com;TO;OM
Bran Sand;Male;bran.sand@the-north.com;IO;MR
Robb Hill;Male;robb.hill@the-vale.com;AG;PR
Bran Sand;Male;bran.sand@the-vale.com;RU;BA
Myrcella Storm;Female;myrcella.storm@the-vale.com;SO;PM
Catelyn Stone;Female;catelyn.stone@the-iron-islands.com;VI;GN
Robb Rivers;Male;robb.rivers@the-iron-islands.com;SB;AO
Cersei Hill;Female;cersei.hill@the-crownlands.com;PF;RO
Bran Hill;Male;bran.hill@the-vale.com;AI;BY
Catelyn Flowers;Female;catelyn.flowers@the-crownlands.com;GN;SN
Myrcella Rivers;Female;myrcella.rivers@the-reach.com;TG;PR
Jon Flowers;Male;jon.flowers@the-vale.com;TC;LT
